,micro_precision,micro_recall,micro_f1,macro_precision,macro_recall,macro_f1,weighted_precision,weighted_recall,weighted_f1
alexnet_adam,0.25111607142857145,0.25111607142857145,0.25111607142857145,0.25346457800287975,0.2548488952951422,0.2541548516563182,0.2535809694548324,0.25111607142857145,0.2523425012640689
